homer_ID	cl	cl_name
AP-2alpha(AP2)/Hela-AP2alpha-ChIP-Seq(GSE31477)/Homer	c_2	AP2
AP-2gamma(AP2)/MCF7-TFAP2C-ChIP-Seq(GSE21234)/Homer	c_2	AP2
AR-halfsite(NR)/LNCaP-AR-ChIP-Seq(GSE27824)/Homer	c_4	AR
FOXA1:AR(Forkhead,NR)/LNCAP-AR-ChIP-Seq(GSE27824)/Homer	c_4	AR
Bcl11a(Zf)/HSPC-BCL11A-ChIP-Seq(GSE104676)/Homer	c_15	Bcl11
bHLHE40(bHLH)/HepG2-BHLHE40-ChIP-Seq(GSE31477)/Homer	c_17	bHLH (MITF/USF)
bHLHE41(bHLH)/proB-Bhlhe41-ChIP-Seq(GSE93764)/Homer	c_17	bHLH (MITF/USF)
E-box(bHLH)/Promoter/Homer	c_17	bHLH (MITF/USF)
MITF(bHLH)/MastCells-MITF-ChIP-Seq(GSE48085)/Homer	c_17	bHLH (MITF/USF)
TFE3(bHLH)/MEF-TFE3-ChIP-Seq(GSE75757)/Homer	c_17	bHLH (MITF/USF)
USF1(bHLH)/GM12878-Usf1-ChIP-Seq(GSE32465)/Homer	c_17	bHLH (MITF/USF)
Usf2(bHLH)/C2C12-Usf2-ChIP-Seq(GSE36030)/Homer	c_17	bHLH (MITF/USF)
Ap4(bHLH)/AML-Tfap4-ChIP-Seq(GSE45738)/Homer	c_3	bHLH_1
Ascl2(bHLH)/ESC-Ascl2-ChIP-Seq(GSE97712)/Homer	c_3	bHLH_1
Atoh1(bHLH)/Cerebellum-Atoh1-ChIP-Seq(GSE22111)/Homer	c_3	bHLH_1
Atoh7(bHLH)/Retina-Atoh7-CutnRun(GSE156756)/Homer	c_3	bHLH_1
BHLHA15(bHLH)/NIH3T3-BHLHB8.HA-ChIP-Seq(GSE119782)/Homer	c_3	bHLH_1
E2A(bHLH)/proBcell-E2A-ChIP-Seq(GSE21978)/Homer	c_3	bHLH_1
Myf5(bHLH)/GM-Myf5-ChIP-Seq(GSE24852)/Homer	c_3	bHLH_1
MyoD(bHLH)/Myotube-MyoD-ChIP-Seq(GSE21614)/Homer	c_3	bHLH_1
MyoG(bHLH)/C2C12-MyoG-ChIP-Seq(GSE36024)/Homer	c_3	bHLH_1
NeuroD1(bHLH)/Islet-NeuroD1-ChIP-Seq(GSE30298)/Homer	c_3	bHLH_1
NeuroG2(bHLH)/Fibroblast-NeuroG2-ChIP-Seq(GSE75910)/Homer	c_3	bHLH_1
Olig2(bHLH)/Neuron-Olig2-ChIP-Seq(GSE30882)/Homer	c_3	bHLH_1
Ptf1a(bHLH)/Panc1-Ptf1a-ChIP-Seq(GSE47459)/Homer	c_3	bHLH_1
RBPJ:Ebox(?,bHLH)/Panc1-Rbpj1-ChIP-Seq(GSE47459)/Homer	c_3	bHLH_1
Tcf12(bHLH)/GM12878-Tcf12-ChIP-Seq(GSE32465)/Homer	c_3	bHLH_1
Tcf21(bHLH)/ArterySmoothMuscle-Tcf21-ChIP-Seq(GSE61369)/Homer	c_3	bHLH_1
TCF4(bHLH)/SHSY5Y-TCF4-ChIP-Seq(GSE96915)/Homer	c_3	bHLH_1
Twist2(bHLH)/Myoblast-Twist2.Ty1-ChIP-Seq(GSE127998)/Homer	c_3	bHLH_1
ZBTB18(Zf)/HEK293-ZBTB18.GFP-ChIP-Seq(GSE58341)/Homer	c_3	bHLH_1
Arnt:Ahr(bHLH)/MCF7-Arnt-ChIP-Seq(Lo_et_al.)/Homer	c_6	bHLH_2
Npas4(bHLH)/Neuron-Npas4-ChIP-Seq(GSE127793)/Homer	c_6	bHLH_2
Ascl1(bHLH)/NeuralTubes-Ascl1-ChIP-Seq(GSE55840)/Homer	c_7	bHLH_3
HEB(bHLH)/mES-Heb-ChIP-Seq(GSE53233)/Homer	c_7	bHLH_3
Pitx1:Ebox(Homeobox,bHLH)/Hindlimb-Pitx1-ChIP-Seq(GSE41591)/Homer	c_7	bHLH_3
SCL(bHLH)/HPC7-Scl-ChIP-Seq(GSE13511)/Homer	c_7	bHLH_3
Twist(bHLH)/HMLE-TWIST1-ChIP-Seq(Chang_et_al)/Homer	c_7	bHLH_3
HIF-1a(bHLH)/MCF7-HIF1a-ChIP-Seq(GSE28352)/Homer	c_67	bHLH(HIF)
HIF-1b(HLH)/T47D-HIF1b-ChIP-Seq(GSE59937)/Homer	c_67	bHLH(HIF)
HIF2a(bHLH)/785_O-HIF2a-ChIP-Seq(GSE34871)/Homer	c_67	bHLH(HIF)
Mesp1(bHLH)/ESC-Mesp1-ChIP-Seq(GSE165102)/Homer	c_83	bHLH(Mesp1)
Srebp1a(bHLH)/HepG2-Srebp1a-ChIP-Seq(GSE31477)/Homer	c_121	bHLHD(Srebp)
Srebp2(bHLH)/HepG2-Srebp2-ChIP-Seq(GSE31477)/Homer	c_121	bHLHD(Srebp)
MafA(bZIP)/Islet-MafA-ChIP-Seq(GSE30298)/Homer	c_79	bZIP(Maf)
MafF(bZIP)/HepG2-MafF-ChIP-Seq(GSE31477)/Homer	c_79	bZIP(Maf)
AP-1(bZIP)/ThioMac-PU.1-ChIP-Seq(GSE21512)/Homer	c_1	bZIP_1
Atf3(bZIP)/GBM-ATF3-ChIP-Seq(GSE33912)/Homer	c_1	bZIP_1
BATF(bZIP)/Th17-BATF-ChIP-Seq(GSE39756)/Homer	c_1	bZIP_1
Fos(bZIP)/TSC-Fos-ChIP-Seq(GSE110950)/Homer	c_1	bZIP_1
Fosl2(bZIP)/3T3L1-Fosl2-ChIP-Seq(GSE56872)/Homer	c_1	bZIP_1
Fra1(bZIP)/BT549-Fra1-ChIP-Seq(GSE46166)/Homer	c_1	bZIP_1
Fra2(bZIP)/Striatum-Fra2-ChIP-Seq(GSE43429)/Homer	c_1	bZIP_1
Jun-AP1(bZIP)/K562-cJun-ChIP-Seq(GSE31477)/Homer	c_1	bZIP_1
JunB(bZIP)/DendriticCells-Junb-ChIP-Seq(GSE36099)/Homer	c_1	bZIP_1
Atf1(bZIP)/K562-ATF1-ChIP-Seq(GSE31477)/Homer	c_8	bZIP_2
Atf2(bZIP)/3T3L1-Atf2-ChIP-Seq(GSE56872)/Homer	c_8	bZIP_2
Atf7(bZIP)/3T3L1-Atf7-ChIP-Seq(GSE56872)/Homer	c_8	bZIP_2
c-Jun-CRE(bZIP)/K562-cJun-ChIP-Seq(GSE31477)/Homer	c_8	bZIP_2
CRE(bZIP)/Promoter/Homer	c_8	bZIP_2
CREB5(bZIP)/LNCaP-CREB5.V5-ChIP-Seq(GSE137775)/Homer	c_8	bZIP_2
JunD(bZIP)/K562-JunD-ChIP-Seq/Homer	c_8	bZIP_2
Atf4(bZIP)/MEF-Atf4-ChIP-Seq(GSE35681)/Homer	c_9	bZIP_3
CEBP:AP1(bZIP)/ThioMac-CEBPb-ChIP-Seq(GSE21512)/Homer	c_9	bZIP_3
Chop(bZIP)/MEF-Chop-ChIP-Seq(GSE35681)/Homer	c_9	bZIP_3
Bach1(bZIP)/K562-Bach1-ChIP-Seq(GSE31477)/Homer	c_10	bZIP_4
Bach2(bZIP)/OCILy7-Bach2-ChIP-Seq(GSE44420)/Homer	c_10	bZIP_4
MafB(bZIP)/BMM-Mafb-ChIP-Seq(GSE75722)/Homer	c_10	bZIP_4
MafK(bZIP)/C2C12-MafK-ChIP-Seq(GSE36030)/Homer	c_10	bZIP_4
NF-E2(bZIP)/K562-NFE2-ChIP-Seq(GSE31477)/Homer	c_10	bZIP_4
NFE2L2(bZIP)/HepG2-NFE2L2-ChIP-Seq(Encode)/Homer	c_10	bZIP_4
Nrf2(bZIP)/Lymphoblast-Nrf2-ChIP-Seq(GSE37589)/Homer	c_10	bZIP_4
bZIP:IRF(bZIP,IRF)/Th17-BatF-ChIP-Seq(GSE39756)/Homer	c_14	bZIP_IRF
IRF:BATF(IRF:bZIP)/pDC-Irf8-ChIP-Seq(GSE66899)/Homer	c_14	bZIP_IRF
CEBP:CEBP(bZIP)/MEF-Chop-ChIP-Seq(GSE35681)/Homer	c_26	CEBP_bZIP_1
CEBP(bZIP)/ThioMac-CEBPb-ChIP-Seq(GSE21512)/Homer	c_27	CEBP_bZIP_2
HLF(bZIP)/HSC-HLF.Flag-ChIP-Seq(GSE69817)/Homer	c_27	CEBP_bZIP_2
NFIL3(bZIP)/HepG2-NFIL3-ChIP-Seq(Encode)/Homer	c_27	CEBP_bZIP_2
CHR(?)/Hela-CellCycle-Expression/Homer	c_28	CHR
CRX(Homeobox)/Retina-Crx-ChIP-Seq(GSE20012)/Homer	c_30	CRX_GSC_OTX2
GSC(Homeobox)/FrogEmbryos-GSC-ChIP-Seq(DRA000576)/Homer	c_30	CRX_GSC_OTX2
Otx2(Homeobox)/EpiLC-Otx2-ChIP-Seq(GSE56098)/Homer	c_30	CRX_GSC_OTX2
BORIS(Zf)/K562-CTCFL-ChIP-Seq(GSE32465)/Homer	c_20	CTCF
CTCF(Zf)/CD4+-CTCF-ChIP-Seq(Barski_et_al.)/Homer	c_20	CTCF
CTCF-SatelliteElement(Zf?)/CD4+-CTCF-ChIP-Seq(Barski_et_al.)/Homer	c_31	CTCF_Satellite
DMRT1(DM)/Testis-DMRT1-ChIP-Seq(GSE64892)/Homer	c_36	DM
DMRT6(DM)/Testis-DMRT6-ChIP-Seq(GSE60440)/Homer	c_36	DM
DUX4(Homeobox)/Myoblasts-DUX4.V5-ChIP-Seq(GSE75791)/Homer	c_38	DUX_1
Duxbl(Homeobox)/NIH3T3-Duxbl.HA-ChIP-Seq(GSE119782)/Homer	c_38	DUX_1
DUX(Homeobox)/C2C12-Dux-ChIP-Seq(GSE87279)/Homer	c_39	DUX_2
GATA(Zf),IR3/iTreg-Gata3-ChIP-Seq(GSE20898)/Homer	c_39	DUX_2
E2F(E2F)/Hela-CellCycle-Expression/Homer	c_40	E2F_1
E2F1(E2F)/Hela-E2F1-ChIP-Seq(GSE22478)/Homer	c_40	E2F_1
E2F3(E2F)/MEF-E2F3-ChIP-Seq(GSE71376)/Homer	c_40	E2F_1
E2F7(E2F)/Hela-E2F7-ChIP-Seq(GSE32673)/Homer	c_40	E2F_1
E2F4(E2F)/K562-E2F4-ChIP-Seq(GSE31477)/Homer	c_41	E2F_2
E2F6(E2F)/Hela-E2F6-ChIP-Seq(GSE31477)/Homer	c_41	E2F_2
TFDP1(E2F)/K562-TFDP1-ChIP-Seq(GSE105217)/Homer	c_41	E2F_2
EBF(EBF)/proBcell-EBF-ChIP-Seq(GSE21978)/Homer	c_43	EBF
EBF1(EBF)/Near-E2A-ChIP-Seq(GSE21512)/Homer	c_43	EBF
EBF2(EBF)/BrownAdipose-EBF2-ChIP-Seq(GSE97114)/Homer	c_43	EBF
EBNA1(EBV-virus)/Raji-EBNA1-ChIP-Seq(GSE30709)/Homer	c_44	EBV-virus
Egr1(Zf)/K562-Egr1-ChIP-Seq(GSE32465)/Homer	c_45	Egr
Egr2(Zf)/Thymocytes-Egr2-ChIP-Seq(GSE34254)/Homer	c_45	Egr
WT1(Zf)/Kidney-WT1-ChIP-Seq(GSE90016)/Homer	c_45	Egr
Elk1(ETS)/Hela-Elk1-ChIP-Seq(GSE31477)/Homer	c_48	ELK
Elk4(ETS)/Hela-Elk4-ChIP-Seq(GSE31477)/Homer	c_48	ELK
Etv2(ETS)/ES-ER71-ChIP-Seq(GSE59402)/Homer	c_48	ELK
ETV4(ETS)/HepG2-ETV4-ChIP-Seq(ENCODE)/Homer	c_48	ELK
Fli1(ETS)/CD8-FLI-ChIP-Seq(GSE20898)/Homer	c_48	ELK
PU.1(ETS)/ThioMac-PU.1-ChIP-Seq(GSE21512)/Homer	c_48	ELK
SpiB(ETS)/OCILY3-SPIB-ChIP-Seq(GSE56857)/Homer	c_48	ELK
EHF(ETS)/LoVo-EHF-ChIP-Seq(GSE49402)/Homer	c_46	ETS
ELF1(ETS)/Jurkat-ELF1-ChIP-Seq(SRA014231)/Homer	c_46	ETS
ELF3(ETS)/PDAC-ELF3-ChIP-Seq(GSE64557)/Homer	c_46	ETS
Elf4(ETS)/BMDM-Elf4-ChIP-Seq(GSE88699)/Homer	c_46	ETS
ELF5(ETS)/T47D-ELF5-ChIP-Seq(GSE30407)/Homer	c_46	ETS
ERG(ETS)/VCaP-ERG-ChIP-Seq(GSE14097)/Homer	c_46	ETS
ETS(ETS)/Promoter/Homer	c_46	ETS
Ets1-distal(ETS)/CD4+-PolII-ChIP-Seq(Barski_et_al.)/Homer	c_46	ETS
ETS1(ETS)/Jurkat-ETS1-ChIP-Seq(GSE17954)/Homer	c_46	ETS
ETV1(ETS)/GIST48-ETV1-ChIP-Seq(GSE22441)/Homer	c_46	ETS
EWS:ERG-fusion(ETS)/CADO_ES1-EWS:ERG-ChIP-Seq(SRA014231)/Homer	c_46	ETS
EWS:FLI1-fusion(ETS)/SK_N_MC-EWS:FLI1-ChIP-Seq(SRA014231)/Homer	c_46	ETS
GABPA(ETS)/Jurkat-GABPa-ChIP-Seq(GSE17954)/Homer	c_46	ETS
SPDEF(ETS)/VCaP-SPDEF-ChIP-Seq(SRA014231)/Homer	c_46	ETS
ETS:E-box(ETS,bHLH)/HPC7-Scl-ChIP-Seq(GSE22178)/Homer	c_50	ETS:bHLH
ETS:RUNX(ETS,Runt)/Jurkat-RUNX1-ChIP-Seq(GSE17954)/Homer	c_51	ETS:Runt
Fox:Ebox(Forkhead,bHLH)/Panc1-Foxa2-ChIP-Seq(GSE47459)/Homer	c_52	Forkhead_1
FOXA1(Forkhead)/LNCAP-FOXA1-ChIP-Seq(GSE27824)/Homer	c_52	Forkhead_1
FOXA1(Forkhead)/MCF7-FOXA1-ChIP-Seq(GSE26831)/Homer	c_52	Forkhead_1
Foxa2(Forkhead)/Liver-Foxa2-ChIP-Seq(GSE25694)/Homer	c_52	Forkhead_1
Foxa3(Forkhead)/Liver-Foxa3-ChIP-Seq(GSE77670)/Homer	c_52	Forkhead_1
FoxD3(forkhead)/ZebrafishEmbryo-Foxd3.biotin-ChIP-seq(GSE106676)/Homer	c_52	Forkhead_1
Foxf1(Forkhead)/Lung-Foxf1-ChIP-Seq(GSE77951)/Homer	c_52	Forkhead_1
FOXK1(Forkhead)/HEK293-FOXK1-ChIP-Seq(GSE51673)/Homer	c_52	Forkhead_1
FOXK2(Forkhead)/U2OS-FOXK2-ChIP-Seq(E-MTAB-2204)/Homer	c_52	Forkhead_1
FoxL2(Forkhead)/Ovary-FoxL2-ChIP-Seq(GSE60858)/Homer	c_52	Forkhead_1
FOXM1(Forkhead)/MCF7-FOXM1-ChIP-Seq(GSE72977)/Homer	c_52	Forkhead_1
Foxo1(Forkhead)/RAW-Foxo1-ChIP-Seq(Fan_et_al.)/Homer	c_52	Forkhead_1
Foxo3(Forkhead)/U2OS-Foxo3-ChIP-Seq(E-MTAB-2701)/Homer	c_52	Forkhead_1
FOXP1(Forkhead)/H9-FOXP1-ChIP-Seq(GSE31006)/Homer	c_52	Forkhead_1
Foxh1(Forkhead)/hESC-FOXH1-ChIP-Seq(GSE29422)/Homer	c_53	Forkhead_2
Gata1(Zf)/K562-GATA1-ChIP-Seq(GSE18829)/Homer	c_56	GATA
Gata2(Zf)/K562-GATA2-ChIP-Seq(GSE18829)/Homer	c_56	GATA
GATA3(Zf),DR8/iTreg-Gata3-ChIP-Seq(GSE20898)/Homer	c_56	GATA
GATA3(Zf)/iTreg-Gata3-ChIP-Seq(GSE20898)/Homer	c_56	GATA
Gata4(Zf)/Heart-Gata4-ChIP-Seq(GSE35151)/Homer	c_56	GATA
Gata6(Zf)/HUG1N-GATA6-ChIP-Seq(GSE51936)/Homer	c_56	GATA
TRPS1(Zf)/MCF7-TRPS1-ChIP-Seq(GSE107013)/Homer	c_56	GATA
GATA(Zf),IR4/iTreg-Gata3-ChIP-Seq(GSE20898)/Homer	c_58	GATA_IR4
GATA:SCL(Zf,bHLH)/Ter119-SCL-ChIP-Seq(GSE18720)/Homer	c_59	GATA_SCL
GATA3(Zf),DR4/iTreg-Gata3-ChIP-Seq(GSE20898)/Homer	c_57	GATA3
Gfi1b(Zf)/HPC7-Gfi1b-ChIP-Seq(GSE22178)/Homer	c_60	Gfi1b
GFY(?)/Promoter/Homer	c_61	GFY
Gli2(Zf)/GM2-Gli2-ChIP-Chip(GSE112702)/Homer	c_63	Gli
Gli3(Zf)/E11.5-Gli3-ChIP-Chip(GSE151646)/Homer	c_63	Gli
GLI3(Zf)/Limb-GLI3-ChIP-Chip(GSE11077)/Homer	c_63	Gli
GLIS3(Zf)/Thyroid-Glis3.GFP-ChIP-Seq(GSE103297)/Homer	c_63	Gli
GRHL2(CP2)/HBE-GRHL2-ChIP-Seq(GSE46194)/Homer	c_64	GRHL2
Hand2(bHLH)/Mesoderm-Hand2-ChIP-Seq(GSE61475)/Homer	c_65	Hand2
HIC1(Zf)/Treg-ZBTB29-ChIP-Seq(GSE99889)/Homer	c_66	HIC1_NF1
NF1-halfsite(CTF)/LNCaP-NF1-ChIP-Seq(Unpublished)/Homer	c_66	HIC1_NF1
LEF1(HMG)/H1-LEF1-ChIP-Seq(GSE64758)/Homer	c_76	HMG(TCF)
Tcf3(HMG)/mES-Tcf3-ChIP-Seq(GSE11724)/Homer	c_76	HMG(TCF)
Tcf7(HMG)/GM12878-TCF7-ChIP-Seq(Encode)/Homer	c_76	HMG(TCF)
TCFL2(HMG)/K562-TCF7L2-ChIP-Seq(GSE29196)/Homer	c_76	HMG(TCF)
Hnf1(Homeobox)/Liver-Foxa2-Chip-Seq(GSE25694)/Homer	c_69	HNF1/POU4F3
HNF1b(Homeobox)/PDAC-HNF1B-ChIP-Seq(GSE64557)/Homer	c_69	HNF1/POU4F3
POU4F3(POU,Homeobox)/MEF-Pou4f3-ChIP-Seq(GSE150279)/Homer	c_69	HNF1/POU4F3
CUX1(Homeobox)/K562-CUX1-ChIP-Seq(GSE92882)/Homer	c_32	Homeobox(CUX/HNF6)
Cux2(Homeobox)/Liver-Cux2-ChIP-Seq(GSE35985)/Homer	c_32	Homeobox(CUX/HNF6)
HNF6(Homeobox)/Liver-Hnf6-ChIP-Seq(ERP000394)/Homer	c_32	Homeobox(CUX/HNF6)
Hnf6b(Homeobox)/LNCaP-Hnf6b-ChIP-Seq(GSE106305)/Homer	c_32	Homeobox(CUX/HNF6)
DLX1(Homeobox)/BasalGanglia-Dlx1-ChIP-seq(GSE124936)/Homer	c_33	Homeobox(DLX)
DLX5(Homeobox)/BasalGanglia-Dlx5-ChIP-seq(GSE124936)/Homer	c_33	Homeobox(DLX)
Pax7(Paired,Homeobox),longest/Myoblast-Pax7-ChIP-Seq(GSE25064)/Homer	c_33	Homeobox(DLX)
DLX2(Homeobox)/BasalGanglia-Dlx2-ChIP-seq(GSE124936)/Homer	c_34	Homeobox(DLX/En/LHX)
Dlx3(Homeobox)/Kerainocytes-Dlx3-ChIP-Seq(GSE89884)/Homer	c_34	Homeobox(DLX/En/LHX)
Emx2(Homeobox)/Cortex-Emx2-ChIP-Seq(GSE183130)/Homer	c_34	Homeobox(DLX/En/LHX)
En1(Homeobox)/SUM149-EN1-ChIP-Seq(GSE120957)/Homer	c_34	Homeobox(DLX/En/LHX)
Gsx2(Homeobox)/LGE-Gsx2.Flag-ChIP-Seq(GSE162589)/Homer	c_34	Homeobox(DLX/En/LHX)
Lhx1(Homeobox)/EmbryoCarcinoma-Lhx1-ChIP-Seq(GSE70957)/Homer	c_34	Homeobox(DLX/En/LHX)
Lhx2(Homeobox)/HFSC-Lhx2-ChIP-Seq(GSE48068)/Homer	c_34	Homeobox(DLX/En/LHX)
Lhx3(Homeobox)/Neuron-Lhx3-ChIP-Seq(GSE31456)/Homer	c_34	Homeobox(DLX/En/LHX)
Lhx6/Neurons-Lhx6-ChIP-seq(GSE85704)/Homer	c_34	Homeobox(DLX/En/LHX)
LHX9(Homeobox)/Hct116-LHX9.V5-ChIP-Seq(GSE116822)/Homer	c_34	Homeobox(DLX/En/LHX)
Meis1(Homeobox)/MastCells-Meis1-ChIP-Seq(GSE48085)/Homer	c_82	Homeobox(Meis/Tgif)
Tgif1(Homeobox)/mES-Tgif1-ChIP-Seq(GSE55404)/Homer	c_82	Homeobox(Meis/Tgif)
Tgif2(Homeobox)/mES-Tgif2-ChIP-Seq(GSE55404)/Homer	c_82	Homeobox(Meis/Tgif)
Mixl1(Homeobox)/EpiBlast-Mixl1-ChIP-seq(GSE161164)/Homer	c_84	Homeobox(Mixl,Phox,Prop)
Phox2a(Homeobox)/Neuron-Phox2a-ChIP-Seq(GSE31456)/Homer	c_84	Homeobox(Mixl,Phox,Prop)
Prop1(Homeobox)/GHFT1-PROP1.biotin-ChIP-Seq(GSE77302)/Homer	c_84	Homeobox(Mixl,Phox,Prop)
Nanog(Homeobox)/mES-Nanog-ChIP-Seq(GSE11724)/Homer	c_87	Homeobox(Nanog)
Nkx6.1(Homeobox)/Islet-Nkx6.1-ChIP-Seq(GSE40975)/Homer	c_87	Homeobox(Nanog)
Six1(Homeobox)/Myoblast-Six1-ChIP-Chip(GSE20150)/Homer	c_118	Homeobox(Six)
Six2(Homeobox)/NephronProgenitor-Six2-ChIP-Seq(GSE39837)/Homer	c_118	Homeobox(Six)
Six4(Homeobox)/MCF7-SIX4-ChIP-Seq(Encode)/Homer	c_118	Homeobox(Six)
Cdx2(Homeobox)/mES-Cdx2-ChIP-Seq(GSE14586)/Homer	c_24	Homeobox_1
HOXB13(Homeobox)/ProstateTumor-HOXB13-ChIP-Seq(GSE56288)/Homer	c_24	Homeobox_1
Hoxc13(Homeobox)/EB-Hoxc13.HA-ChIP-Seq(GSE142377)/Homer	c_24	Homeobox_1
Hoxd13(Homeobox)/ChickenMSG-Hoxd13.Flag-ChIP-Seq(GSE86088)/Homer	c_24	Homeobox_1
CDX4(Homeobox)/ZebrafishEmbryos-Cdx4.Myc-ChIP-Seq(GSE48254)/Homer	c_25	Homeobox_2
Hoxa10(Homeobox)/ChickenMSG-Hoxa10.Flag-ChIP-Seq(GSE86088)/Homer	c_25	Homeobox_2
Hoxa11(Homeobox)/ChickenMSG-Hoxa11.Flag-ChIP-Seq(GSE86088)/Homer	c_25	Homeobox_2
Hoxa13(Homeobox)/ChickenMSG-Hoxa13.Flag-ChIP-Seq(GSE86088)/Homer	c_25	Homeobox_2
Hoxa9(Homeobox)/ChickenMSG-Hoxa9.Flag-ChIP-Seq(GSE86088)/Homer	c_25	Homeobox_2
Hoxd10(Homeobox)/ChickenMSG-Hoxd10.Flag-ChIP-Seq(GSE86088)/Homer	c_25	Homeobox_2
Hoxd11(Homeobox)/ChickenMSG-Hoxd11.Flag-ChIP-Seq(GSE86088)/Homer	c_25	Homeobox_2
Hoxd12(Homeobox)/ChickenMSG-Hoxd12.Flag-ChIP-Seq(GSE86088)/Homer	c_25	Homeobox_2
Unknown(Homeobox)/Limb-p300-ChIP-Seq/Homer	c_25	Homeobox_2
HOXA1(Homeobox)/mES-Hoxa1-ChIP-Seq(SRP084292)/Homer	c_71	Homeobox_3
HOXA2(Homeobox)/mES-Hoxa2-ChIP-Seq(Donaldson_et_al.)/Homer	c_71	Homeobox_3
HOXA3(Homeobox)/mEmbryo-Hoxa3-ChIP-Seq(E-MTAB-8607)/Homer	c_71	Homeobox_3
Hoxb4(Homeobox)/ES-Hoxb4-ChIP-Seq(GSE34014)/Homer	c_71	Homeobox_3
Hoxc10(Homeobox)/EB-Hoxc10.iFlag-ChIP-Seq(GSE142377)/Homer	c_71	Homeobox_3
Hoxc6(Homeobox)/EB-Hoxc6.iFlag-ChIP-Seq(GSE142377)/Homer	c_71	Homeobox_3
Hoxc9(Homeobox)/Ainv15-Hoxc9-ChIP-Seq(GSE21812)/Homer	c_71	Homeobox_3
Hoxd9(Homeobox)/EB-Hoxd9.HA-ChIP-Seq(GSE142377)/Homer	c_71	Homeobox_3
PBX2(Homeobox)/K562-PBX2-ChIP-Seq(Encode)/Homer	c_71	Homeobox_3
Pdx1(Homeobox)/Islet-Pdx1-ChIP-Seq(SRA008281)/Homer	c_71	Homeobox_3
HRE(HSF)/HepG2-HSF1-ChIP-Seq(GSE31477)/Homer	c_72	HSF(HRE)
HRE(HSF)/Striatum-HSF1-ChIP-Seq(GSE38000)/Homer	c_72	HSF(HRE)
AMYB(HTH)/Testes-AMYB-ChIP-Seq(GSE44588)/Homer	c_19	HTH (MYB)
BMYB(HTH)/Hela-BMYB-ChIP-Seq(GSE27030)/Homer	c_19	HTH (MYB)
MYB(HTH)/ERMYB-Myb-ChIPSeq(GSE22095)/Homer	c_19	HTH (MYB)
RFX(HTH)/K562-RFX3-ChIP-Seq(SRA012198)/Homer	c_113	HTH(Rfx)_1
Rfx1(HTH)/NPC-H3K4me1-ChIP-Seq(GSE16256)/Homer	c_113	HTH(Rfx)_1
Rfx2(HTH)/LoVo-RFX2-ChIP-Seq(GSE49402)/Homer	c_113	HTH(Rfx)_1
X-box(HTH)/NPC-H3K4me1-ChIP-Seq(GSE16256)/Homer	c_113	HTH(Rfx)_1
Rfx5(HTH)/GM12878-Rfx5-ChIP-Seq(GSE31477)/Homer	c_114	HTH(Rfx)_2
Rfx6(HTH)/Min6b1-Rfx6.HA-ChIP-Seq(GSE62844)/Homer	c_114	HTH(Rfx)_2
IRF1(IRF)/PBMC-IRF1-ChIP-Seq(GSE43036)/Homer	c_73	Iroquois
IRF2(IRF)/Erythroblas-IRF2-ChIP-Seq(GSE36985)/Homer	c_73	Iroquois
IRF3(IRF)/BMDM-Irf3-ChIP-Seq(GSE67343)/Homer	c_73	Iroquois
IRF8(IRF)/BMDM-IRF8-ChIP-Seq(GSE77884)/Homer	c_73	Iroquois
ISRE(IRF)/ThioMac-LPS-Expression(GSE23622)/Homer	c_73	Iroquois
PRDM1(Zf)/Hela-PRDM1-ChIP-Seq(GSE31477)/Homer	c_73	Iroquois
PU.1-IRF(ETS:IRF)/Bcell-PU.1-ChIP-Seq(GSE21512)/Homer	c_73	Iroquois
PU.1:IRF8(ETS:IRF)/pDC-Irf8-ChIP-Seq(GSE66899)/Homer	c_73	Iroquois
T1ISRE(IRF)/ThioMac-Ifnb-Expression/Homer	c_73	Iroquois
IRF4(IRF)/GM12878-IRF4-ChIP-Seq(GSE32465)/Homer	c_74	Iroquois_ZBED2
ZBED2(Zf)/SUIT2-ZBED2.HA-ChIP-Seq(GSE141606)/Homer	c_74	Iroquois_ZBED2
Barx1(Homeobox)/Stomach-Barx1.3xFlag-ChIP-Seq(GSE69483)/Homer	c_13	Isl
Isl1(Homeobox)/Neuron-Isl1-ChIP-Seq(GSE31456)/Homer	c_13	Isl
EKLF(Zf)/Erythrocyte-Klf1-ChIP-Seq(GSE20478)/Homer	c_47	KLF
KLF1(Zf)/HUDEP2-KLF1-CutnRun(GSE136251)/Homer	c_47	KLF
KLF10(Zf)/HEK293-KLF10.GFP-ChIP-Seq(GSE58341)/Homer	c_47	KLF
KLF14(Zf)/HEK293-KLF14.GFP-ChIP-Seq(GSE58341)/Homer	c_47	KLF
Klf15(Zf)/Liver-Klf15-ChIP-Seq(GSE166083)/Homer	c_47	KLF
KLF3(Zf)/MEF-Klf3-ChIP-Seq(GSE44748)/Homer	c_47	KLF
Klf4(Zf)/mES-Klf4-ChIP-Seq(GSE11431)/Homer	c_47	KLF
KLF5(Zf)/LoVo-KLF5-ChIP-Seq(GSE49402)/Homer	c_47	KLF
KLF6(Zf)/PDAC-KLF6-ChIP-Seq(GSE64557)/Homer	c_47	KLF
Klf9(Zf)/GBM-Klf9-ChIP-Seq(GSE62211)/Homer	c_47	KLF
Mef2a(MADS)/HL1-Mef2a.biotin-ChIP-Seq(GSE21529)/Homer	c_81	MADS
Mef2b(MADS)/HEK293-Mef2b.V5-ChIP-Seq(GSE67450)/Homer	c_81	MADS
Mef2c(MADS)/GM12878-Mef2c-ChIP-Seq(GSE32465)/Homer	c_81	MADS
Mef2d(MADS)/Retina-Mef2d-ChIP-Seq(GSE61391)/Homer	c_81	MADS
Mouse_Recombination_Hotspot(Zf)/Testis-DMC1-ChIP-Seq(GSE24438)/Homer	c_35	MouseRecombHotSpot
BMAL1(bHLH)/Liver-Bmal1-ChIP-Seq(GSE39860)/Homer	c_18	Myc/Max
c-Myc(bHLH)/LNCAP-cMyc-ChIP-Seq(Unpublished)/Homer	c_18	Myc/Max
c-Myc(bHLH)/mES-cMyc-ChIP-Seq(GSE11431)/Homer	c_18	Myc/Max
CLOCK(bHLH)/Liver-Clock-ChIP-Seq(GSE39860)/Homer	c_18	Myc/Max
Max(bHLH)/K562-Max-ChIP-Seq(GSE31477)/Homer	c_18	Myc/Max
MNT(bHLH)/HepG2-MNT-ChIP-Seq(Encode)/Homer	c_18	Myc/Max
n-Myc(bHLH)/mES-nMyc-ChIP-Seq(GSE11431)/Homer	c_18	Myc/Max
NPAS(bHLH)/Liver-NPAS-ChIP-Seq(GSE39860)/Homer	c_18	Myc/Max
NPAS2(bHLH)/Liver-NPAS2-ChIP-Seq(GSE39860)/Homer	c_18	Myc/Max
MYRF(MYRF)/CFPAC1-MYRF-ChIP-Seq(GSE145627)/Homer	c_86	MYRF
NF1(CTF)/LNCAP-NF1-ChIP-Seq(Unpublished)/Homer	c_89	NF1(CTF)
Tlx?(NR)/NPC-H3K4me1-ChIP-Seq(GSE16256)/Homer	c_89	NF1(CTF)
NF1:FOXA1(CTF,Forkhead)/LNCAP-FOXA1-ChIP-Seq(GSE27824)/Homer	c_88	NF1:FOXA1
NFAT:AP1(RHD,bZIP)/Jurkat-NFATC1-ChIP-Seq(Jolma_et_al.)/Homer	c_90	NFAT
NFAT(RHD)/Jurkat-NFATC1-ChIP-Seq(Jolma_et_al.)/Homer	c_90	NFAT
NFATC2(RHD)/Islets-NFATC2-ChIP-Seq(GSE158496)/Homer	c_90	NFAT
NFkB-p50,p52(RHD)/Monocyte-p50-ChIP-Chip(Schreiber_et_al.)/Homer	c_91	NFkB
NFkB-p65-Rel(RHD)/ThioMac-LPS-Expression(GSE23622)/Homer	c_91	NFkB
NFkB-p65(RHD)/GM12787-p65-ChIP-Seq(GSE19485)/Homer	c_91	NFkB
NFkB2-p52(RHD)/U266-NFKB2-ChIP-seq(GSE230466)/Homer	c_91	NFkB
NFY(CCAAT)/Promoter/Homer	c_92	NFY(CCAAT)
Bapx1(Homeobox)/VertebralCol-Bapx1-ChIP-Seq(GSE36672)/Homer	c_12	Nkx/Bapx
Nkx2.1(Homeobox)/LungAC-Nkx2.1-ChIP-Seq(GSE43252)/Homer	c_12	Nkx/Bapx
Nkx2.2(Homeobox)/NPC-Nkx2.2-ChIP-Seq(GSE61673)/Homer	c_12	Nkx/Bapx
Nkx2.5(Homeobox)/HL1-Nkx2.5.biotin-ChIP-Seq(GSE21529)/Homer	c_12	Nkx/Bapx
Nkx3.1(Homeobox)/LNCaP-Nkx3.1-ChIP-Seq(GSE28264)/Homer	c_12	Nkx/Bapx
ARE(NR)/LNCAP-AR-ChIP-Seq(GSE27824)/Homer	c_5	NR 1
GRE(NR),IR3/A549-GR-ChIP-Seq(GSE32465)/Homer	c_5	NR 1
GRE(NR),IR3/RAW264.7-GRE-ChIP-Seq(Unpublished)/Homer	c_5	NR 1
MRE(NR)/Neuro2A-NR3C2-ChIPnexus(GSE115417)/Homer	c_5	NR 1
PGR(NR)/EndoStromal-PGR-ChIP-Seq(GSE69539)/Homer	c_5	NR 1
PR(NR)/T47D-PR-ChIP-Seq(GSE31130)/Homer	c_5	NR 1
ERb(NR),IR3/Ovary-ERb-ChIP-Seq(GSE203391)/Homer	c_49	NR(ERE)
ERE(NR),IR3/MCF7-ERa-ChIP-Seq(Unpublished)/Homer	c_49	NR(ERE)
HNF4a(NR),DR1/HepG2-HNF4a-ChIP-Seq(GSE25021)/Homer	c_70	NR(HNF4/RXR)
Nur77(NR)/K562-NR4A1-ChIP-Seq(GSE31363)/Homer	c_70	NR(HNF4/RXR)
PPARa(NR),DR1/Liver-Ppara-ChIP-Seq(GSE47954)/Homer	c_70	NR(HNF4/RXR)
PPARE(NR),DR1/3T3L1-Pparg-ChIP-Seq(GSE13511)/Homer	c_70	NR(HNF4/RXR)
RXR(NR),DR1/3T3L1-RXR-ChIP-Seq(GSE13511)/Homer	c_70	NR(HNF4/RXR)
TR4(NR),DR1/Hela-TR4-ChIP-Seq(GSE24685)/Homer	c_70	NR(HNF4/RXR)
Reverb(NR),DR2/RAW-Reverba.biotin-ChIP-Seq(GSE45914)/Homer	c_112	NR(Reverb/VDR)
VDR(NR),DR3/GM10855-VDR+vitD-ChIP-Seq(GSE22484)/Homer	c_112	NR(Reverb/VDR)
RORa(NR)/Liver-Rora-ChIP-Seq(GSE101115)/Homer	c_115	NR(ROR)
RORg(NR)/Liver-Rorc-ChIP-Seq(GSE101115)/Homer	c_115	NR(ROR)
RORgt(NR)/EL4-RORgt.Flag-ChIP-Seq(GSE56019)/Homer	c_115	NR(ROR)
LXRE(NR),DR4/RAW-LXRb.biotin-ChIP-Seq(GSE21512)/Homer	c_78	NR(THR)
THRa(NR)/C17.2-THRa-ChIP-Seq(GSE38347)/Homer	c_78	NR(THR)
THRb(NR)/HepG2-THRb.Flag-ChIP-Seq(Encode)/Homer	c_78	NR(THR)
THRb(NR)/Liver-NR1A2-ChIP-Seq(GSE52613)/Homer	c_78	NR(THR)
COUP-TFII(NR)/Artia-Nr2f2-ChIP-Seq(GSE46497)/Homer	c_29	NR_1
COUP-TFII(NR)/K562-NR2F1-ChIP-Seq(Encode)/Homer	c_29	NR_1
EAR2(NR)/K562-NR2F6-ChIP-Seq(Encode)/Homer	c_29	NR_1
Erra(NR)/HepG2-Erra-ChIP-Seq(GSE31477)/Homer	c_29	NR_1
ERRg(NR)/Kidney-ESRRG-ChIP-Seq(GSE104905)/Homer	c_29	NR_1
Esrrb(NR)/mES-Esrrb-ChIP-Seq(GSE11431)/Homer	c_29	NR_1
RAR:RXR(NR),DR5/ES-RAR-ChIP-Seq(GSE56893)/Homer	c_29	NR_1
RARa(NR)/K562-RARa-ChIP-Seq(Encode)/Homer	c_29	NR_1
Nr5a2(NR)/mES-Nr5a2-ChIP-Seq(GSE19019)/Homer	c_37	NR_2
Nr5a2(NR)/Pancreas-LRH1-ChIP-Seq(GSE34295)/Homer	c_37	NR_2
RAR:RXR(NR),DR0/ES-RAR-ChIP-Seq(GSE56893)/Homer	c_37	NR_2
RARg(NR)/ES-RARg-ChIP-Seq(GSE30538)/Homer	c_37	NR_2
FXR(NR),ER2/Liver-FXR-ChIP-Seq(GSE133700)/Homer	c_54	NR_3
SF1(NR)/H295R-Nr5a1-ChIP-Seq(GSE44220)/Homer	c_54	NR_3
FXR(NR),IR1/Liver-FXR-ChIP-Seq(Chong_et_al.)/Homer	c_55	NR_3
NRF(NRF)/Promoter/Homer	c_93	NRF
NRF1(NRF)/MCF7-NRF1-ChIP-Seq(Unpublished)/Homer	c_93	NRF
p53(p53)/Saos-p53-ChIP-Seq(GSE15780)/Homer	c_96	p53/63/73
p63(p53)/Keratinocyte-p63-ChIP-Seq(GSE17611)/Homer	c_96	p53/63/73
p73(p53)/Trachea-p73-ChIP-Seq(PRJNA310161)/Homer	c_96	p53/63/73
Tcfcp2l1(CP2)/mES-Tcfcp2l1-ChIP-Seq(GSE11431)/Homer	c_96	p53/63/73
p53(p53)/mES-cMyc-ChIP-Seq(GSE11431)/Homer	c_97	p53/63/73_2
PAX5(Paired,Homeobox)/GM12878-PAX5-ChIP-Seq(GSE32465)/Homer	c_99	Pax_1
PAX6(Paired,Homeobox)/Forebrain-Pax6-ChIP-Seq(GSE66961)/Homer	c_99	Pax_1
Pax8(Paired,Homeobox)/Thyroid-Pax8-ChIP-Seq(GSE26938)/Homer	c_99	Pax_1
PAX5(Paired,Homeobox),condensed/GM12878-PAX5-ChIP-Seq(GSE32465)/Homer	c_100	Pax_condensed
PAX3:FKHR-fusion(Paired,Homeobox)/Rh4-PAX3:FKHR-ChIP-Seq(GSE19063)/Homer	c_98	PAX3:FKHR
Pax7(Paired,Homeobox)/Myoblast-Pax7-ChIP-Seq(GSE25064)/Homer	c_102	Pax7
PBX1(Homeobox)/MCF7-PBX1-ChIP-Seq(GSE28007)/Homer	c_103	PBX/Pknox
Pbx3(Homeobox)/GM12878-PBX3-ChIP-Seq(GSE32465)/Homer	c_103	PBX/Pknox
Pknox1(Homeobox)/ES-Prep1-ChIP-Seq(GSE63282)/Homer	c_103	PBX/Pknox
Pax7(Paired,Homeobox),long/Myoblast-Pax7-ChIP-Seq(GSE25064)/Homer	c_101	Phox
Phox2b(Homeobox)/CLBGA-PHOX2B-ChIP-Seq(GSE90683)/Homer	c_101	Phox
Pit1+1bp(Homeobox)/GCrat-Pit1-ChIP-Seq(GSE58009)/Homer	c_95	Pit1+1bp
Pitx1(Homeobox)/Chicken-Pitx1-ChIP-Seq(GSE38910)/Homer	c_104	Pitx
Oct4:Sox17(POU,Homeobox,HMG)/F9-Sox17-ChIP-Seq(GSE44553)/Homer	c_94	POU(Oct)
OCT:OCT-short(POU,Homeobox)/NPC-OCT6-ChIP-Seq(GSE43916)/Homer	c_95	POU(Oct)_2
OCT:OCT(POU,Homeobox,IR1)/NPC-Brn2-ChIP-Seq(GSE35496)/Homer	c_95	POU(Oct)_2
Brn1(POU,Homeobox)/NPC-Brn1-ChIP-Seq(GSE35496)/Homer	c_22	POU_1
Oct11(POU,Homeobox)/NCIH1048-POU2F3-ChIP-seq(GSE115123)/Homer	c_22	POU_1
Oct2(POU,Homeobox)/Bcell-Oct2-ChIP-Seq(GSE21512)/Homer	c_22	POU_1
OCT4-SOX2-TCF-NANOG(POU,Homeobox,HMG)/mES-Oct4-ChIP-Seq(GSE11431)/Homer	c_22	POU_1
Oct4(POU,Homeobox)/mES-Oct4-ChIP-Seq(GSE11431)/Homer	c_22	POU_1
Oct6(POU,Homeobox)/NPC-Pou3f1-ChIP-Seq(GSE35496)/Homer	c_22	POU_1
Brn2(POU,Homeobox)/NPC-Brn2-ChIP-Seq(GSE35496)/Homer	c_23	POU_2
OCT:OCT(POU,Homeobox)/NPC-Brn1-ChIP-Seq(GSE35496)/Homer	c_23	POU_2
OCT:OCT(POU,Homeobox)/NPC-OCT6-ChIP-Seq(GSE43916)/Homer	c_23	POU_2
Pit1(Homeobox)/GCrat-Pit1-ChIP-Seq(GSE58009)/Homer	c_23	POU_2
PSE(SNAPc)/K562-mStart-Seq/Homer	c_109	PSE
Rbpj1(?)/Panc1-Rbpj1-ChIP-Seq(GSE47459)/Homer	c_110	Rbpj1
RUNX-AML(Runt)/CD4+-PolII-ChIP-Seq(Barski_et_al.)/Homer	c_116	Runt(RUNX)
RUNX(Runt)/HPC7-Runx1-ChIP-Seq(GSE22178)/Homer	c_116	Runt(RUNX)
RUNX1(Runt)/Jurkat-RUNX1-ChIP-Seq(GSE29180)/Homer	c_116	Runt(RUNX)
RUNX2(Runt)/PCa-RUNX2-ChIP-Seq(GSE33889)/Homer	c_116	Runt(RUNX)
Smad2(MAD)/ES-SMAD2-ChIP-Seq(GSE29422)/Homer	c_119	Smad
Smad3(MAD)/NPC-Smad3-ChIP-Seq(GSE36673)/Homer	c_119	Smad
Smad4(MAD)/ESC-SMAD4-ChIP-Seq(GSE29422)/Homer	c_119	Smad
E2A(bHLH),near_PU.1/Bcell-PU.1-ChIP-Seq(GSE21512)/Homer	c_42	Snail
Slug(Zf)/Mesoderm-Snai2-ChIP-Seq(GSE61475)/Homer	c_42	Snail
Snail1(Zf)/LS174T-SNAIL1.HA-ChIP-Seq(GSE127183)/Homer	c_42	Snail
ZEB1(Zf)/PDAC-ZEB1-ChIP-Seq(GSE64557)/Homer	c_42	Snail
ZEB2(Zf)/SNU398-ZEB2-ChIP-Seq(GSE103048)/Homer	c_42	Snail
SOX1(HMG)/NPC-SOX1-ChIP-Seq(GSE138215)/Homer	c_120	HMG(Sox)
Sox10(HMG)/SciaticNerve-Sox3-ChIP-Seq(GSE35132)/Homer	c_120	HMG(Sox)
Sox15(HMG)/CPA-Sox15-ChIP-Seq(GSE62909)/Homer	c_120	HMG(Sox)
Sox17(HMG)/Endoderm-Sox17-ChIP-Seq(GSE61475)/Homer	c_120	HMG(Sox)
Sox2(HMG)/mES-Sox2-ChIP-Seq(GSE11431)/Homer	c_120	HMG(Sox)
Sox21(HMG)/ESC-SOX21-ChIP-Seq(GSE110505)/Homer	c_120	HMG(Sox)
Sox3(HMG)/NPC-Sox3-ChIP-Seq(GSE33059)/Homer	c_120	HMG(Sox)
Sox4(HMG)/proB-Sox4-ChIP-Seq(GSE50066)/Homer	c_120	HMG(Sox)
Sox6(HMG)/Myotubes-Sox6-ChIP-Seq(GSE32627)/Homer	c_120	HMG(Sox)
Sox7(HMG)/ESC-Sox7-ChIP-Seq(GSE133899)/Homer	c_120	HMG(Sox)
Sox9(HMG)/Limb-SOX9-ChIP-Seq(GSE73225)/Homer	c_120	HMG(Sox)
Bcl6(Zf)/Liver-Bcl6-ChIP-Seq(GSE31578)/Homer	c_16	Stat
STAT1(Stat)/HelaS3-STAT1-ChIP-Seq(GSE12782)/Homer	c_16	Stat
Stat3(Stat)/mES-Stat3-ChIP-Seq(GSE11431)/Homer	c_16	Stat
Stat3+il21(Stat)/CD4-Stat3-ChIP-Seq(GSE19198)/Homer	c_16	Stat
STAT4(Stat)/CD4-Stat4-ChIP-Seq(GSE22104)/Homer	c_16	Stat
STAT5(Stat)/mCD4+-Stat5-ChIP-Seq(GSE12346)/Homer	c_16	Stat
STAT6(Stat)/CD4-Stat6-ChIP-Seq(GSE22104)/Homer	c_123	STAT6
STAT6(Stat)/Macrophage-Stat6-ChIP-Seq(GSE38377)/Homer	c_123	STAT6
CArG(MADS)/PUER-Srf-ChIP-Seq(Sullivan_et_al.)/Homer	c_122	TATA-Box
TATA-Box(TBP)/Promoter/Homer	c_122	TATA-Box
Brachyury(T-box)/Mesoendoderm-Brachyury-ChIP-exo(GSE54963)/Homer	c_21	Tbox
Eomes(T-box)/H9-Eomes-ChIP-Seq(GSE26097)/Homer	c_21	Tbox
Tbet(T-box)/CD8-Tbet-ChIP-Seq(GSE33802)/Homer	c_21	Tbox
Tbr1(T-box)/Cortex-Tbr1-ChIP-Seq(GSE71384)/Homer	c_21	Tbox
Tbx21(T-box)/GM12878-TBX21-ChIP-Seq(Encode)/Homer	c_21	Tbox
Tbx5(T-box)/HL1-Tbx5.biotin-ChIP-Seq(GSE21529)/Homer	c_21	Tbox
Tbx6(T-box)/ESC-Tbx6-ChIP-Seq(GSE93524)/Homer	c_21	Tbox
Tbox:Smad(T-box,MAD)/ESCd5-Smad2_3-ChIP-Seq(GSE29422)/Homer	c_124	Tbox:Smad
Tbx20(T-box)/Heart-Tbx20-ChIP-Seq(GSE29636)/Homer	c_125	Tbx20
TEAD(TEA)/Fibroblast-PU.1-ChIP-Seq(Unpublished)/Homer	c_126	TEAD
TEAD1(TEAD)/HepG2-TEAD1-ChIP-Seq(Encode)/Homer	c_126	TEAD
TEAD2(TEA)/Py2T-Tead2-ChIP-Seq(GSE55709)/Homer	c_126	TEAD
TEAD3(TEA)/HepG2-TEAD3-ChIP-Seq(Encode)/Homer	c_126	TEAD
TEAD4(TEA)/Tropoblast-Tead4-ChIP-Seq(GSE37350)/Homer	c_126	TEAD
ZBTB38(Zf)/Hela-ZBTB38-ChIP-seq(GSE108618)/Homer	c_130	ZBTB38(Zf)
ZBTB9(Zf)/HEK293T-ZBTB9-ChIP-Seq(GSE251687)/Homer	c_131	ZBTB9(Zf)
GFY-Staf(?,Zf)/Promoter/Homer	c_62	Zf(GFY/THAP)
Ronin(THAP)/ES-Thap11-ChIP-Seq(GSE51522)/Homer	c_62	Zf(GFY/THAP)
ZNF143|STAF(Zf)/CUTLL-ZNF143-ChIP-Seq(GSE29600)/Homer	c_62	Zf(GFY/THAP)
HINFP(Zf)/K562-HINFP.eGFP-ChIP-Seq(Encode)/Homer	c_68	zf(HINFP)
LRF(Zf)/Erythroblasts-ZBTB7A-ChIP-Seq(GSE74977)/Homer	c_77	Zf(LRF)
Maz(Zf)/HepG2-Maz-ChIP-Seq(GSE31477)/Homer	c_80	Zf(Maz,Zfp281,148)
Zfp281(Zf)/ES-Zfp281-ChIP-Seq(GSE81042)/Homer	c_80	Zf(Maz,Zfp281,148)
ZNF148(Zf)/MDAMB231-ZNF148-ChIP-Seq(GSE147020)/Homer	c_80	Zf(Maz,Zfp281,148)
MYNN(Zf)/HEK293-MYNN.eGFP-ChIP-Seq(Encode)/Homer	c_85	Zf(MYNN)
KLF17(Zf)/2cell-Klf17-CutnTag(GSE211845)/Homer	c_75	Zf(Sp,KLF17)
Sp1(Zf)/Promoter/Homer	c_75	Zf(Sp,KLF17)
Sp2(Zf)/HEK293-Sp2.eGFP-ChIP-Seq(Encode)/Homer	c_75	Zf(Sp,KLF17)
Sp5(Zf)/mES-Sp5.Flag-ChIP-Seq(GSE72989)/Homer	c_75	Zf(Sp,KLF17)
ZBTB12(Zf)/HEK293-ZBTB12.GFP-ChIP-Seq(GSE58341)/Homer	c_129	Zf(ZBTB12/ZNF415)
ZNF415(Zf)/HEK293-ZNF415.GFP-ChIP-Seq(GSE58341)/Homer	c_129	Zf(ZBTB12/ZNF415)
BANP(?)/ESC-Banp-ChIP-Seq(GSE155603)/Homer	c_11	ZF_1
GFX(?)/Promoter/Homer	c_11	ZF_1
ZBTB33(Zf)/GM12878-ZBTB33-ChIP-Seq(GSE32465)/Homer	c_11	ZF_1
PRDM10(Zf)/HEK293-PRDM10.eGFP-ChIP-Seq(Encode)/Homer	c_105	Zf_PRDM10
PRDM14(Zf)/H1-PRDM14-ChIP-Seq(GSE22767)/Homer	c_106	Zf_PRDM14
PRDM15(Zf)/ESC-Prdm15-ChIP-Seq(GSE73694)/Homer	c_107	Zf_PRDM15
PRDM9(Zf)/Testis-DMC1-ChIP-Seq(GSE35498)/Homer	c_108	Zf_PRDM9
REST-NRSF(Zf)/Jurkat-NRSF-ChIP-Seq/Homer	c_111	Zf_Rest/NRSF
SCRT1(Zf)/HEK293-SCRT1.eGFP-ChIP-Seq(Encode)/Homer	c_117	Zf_SCRT1
YY1(Zf)/Promoter/Homer	c_127	Zf_YY1
Zac1(Zf)/Neuro2A-Plagl1-ChIP-Seq(GSE75942)/Homer	c_128	Zf_Zac1
ZFP3(Zf)/HEK293-ZFP3.GFP-ChIP-Seq(GSE58341)/Homer	c_132	ZFP3(Zf)
Zfp541(Zf)/Sperm-Zfp541-ChIP-Seq(GSE163916)/Homer	c_133	Zfp541(Zf)
Zfp57(Zf)/H1-ZFP57.HA-ChIP-Seq(GSE115387)/Homer	c_134	Zfp57(Zf)
Zfp809(Zf)/ES-Zfp809-ChIP-Seq(GSE70799)/Homer	c_135	Zfp809(Zf)
Zic(Zf)/Cerebellum-ZIC1.2-ChIP-Seq(GSE60731)/Homer	c_137	Zic
Zic2(Zf)/ESC-Zic2-ChIP-Seq(SRP197560)/Homer	c_137	Zic
Zic3(Zf)/mES-Zic3-ChIP-Seq(GSE37889)/Homer	c_137	Zic
ZKSCAN1(Zf)/HepG2-ZKSCAN1-ChIP-Seq(Encode)/Homer	c_138	ZKSCAN1
ZNF136(Zf)/HEK293-ZNF136.GFP-ChIP-Seq(GSE58341)/Homer	c_139	ZNF136(Zf)
ZNF16(Zf)/HEK293-ZNF16.GFP-ChIP-Seq(GSE58341)/Homer	c_141	ZNF16(Zf)
ZNF165(Zf)/WHIM12-ZNF165-ChIP-Seq(GSE65937)/Homer	c_140	ZNF165(Zf)
ZNF189(Zf)/HEK293-ZNF189.GFP-ChIP-Seq(GSE58341)/Homer	c_142	ZNF189/ZNF341(Zf)
ZNF341(Zf)/EBV-ZNF341-ChIP-Seq(GSE113194)/Homer	c_142	ZNF189/ZNF341(Zf)
Znf263(Zf)/K562-Znf263-ChIP-Seq(GSE31477)/Homer	c_143	Znf263(Zf)
ZNF264(Zf)/HEK293-ZNF264.GFP-ChIP-Seq(GSE58341)/Homer	c_144	ZNF264(Zf)
ZNF317(Zf)/HEK293-ZNF317.GFP-ChIP-Seq(GSE58341)/Homer	c_145	ZNF317(Zf)
ZNF322(Zf)/HEK293-ZNF322.GFP-ChIP-Seq(GSE58341)/Homer	c_146	ZNF322(Zf)
ZNF382(Zf)/HEK293-ZNF382.GFP-ChIP-Seq(GSE58341)/Homer	c_147	ZNF382(Zf)
ZNF41(Zf)/HEK293-ZNF41.GFP-ChIP-Seq(GSE58341)/Homer	c_147	ZNF41(Zf)
ZNF410(Zf)/CD34-ZNF410-ChIP-Seq(GSE154960)/Homer	c_148	ZNF410(Zf)
ZNF416(Zf)/HEK293-ZNF416.GFP-ChIP-Seq(GSE58341)/Homer	c_149	ZNF416(Zf)
ZNF467(Zf)/HEK293-ZNF467.GFP-ChIP-Seq(GSE58341)/Homer	c_150	ZNF467(Zf)
ZNF519(Zf)/HEK293-ZNF519.GFP-ChIP-Seq(GSE58341)/Homer	c_151	ZNF519(Zf)
ZNF528(Zf)/HEK293-ZNF528.GFP-ChIP-Seq(GSE58341)/Homer	c_152	ZNF528(Zf)
ZNF652/HepG2-ZNF652.Flag-ChIP-Seq(Encode)/Homer	c_153	ZNF652(Zf)
ZNF669(Zf)/HEK293-ZNF669.GFP-ChIP-Seq(GSE58341)/Homer	c_154	ZNF669(Zf)
ZNF675(Zf)/HEK293-ZNF675.GFP-ChIP-Seq(GSE58341)/Homer	c_155	ZNF675(Zf)
ZNF692(Zf)/HEK293-ZNF692.GFP-ChIP-Seq(GSE58341)/Homer	c_156	ZNF692(Zf)
ZNF7(Zf)/HepG2-ZNF7.Flag-ChIP-Seq(Encode)/Homer	c_158	ZNF7(Zf)
ZFX(Zf)/mES-Zfx-ChIP-Seq(GSE11431)/Homer	c_136	ZNF711/ZFX(Zf)
ZNF711(Zf)/SHSY5Y-ZNF711-ChIP-Seq(GSE20673)/Homer	c_136	ZNF711/ZFX(Zf)
ZNF768(Zf)/Rajj-ZNF768-ChIP-Seq(GSE111879)/Homer	c_157	ZNF768(Zf)
ZNF91(Zf)/HEK-ZNF91.HA-ChIP-Seq(GSE162571)/Homer	c_159	ZNF91(Zf)
ZSCAN22(Zf)/HEK293-ZSCAN22.GFP-ChIP-Seq(GSE58341)/Homer	c_160	ZSCAN22(Zf)
p53(p53)/Saos-p53-ChIP-Seq/Homer	c_96	p53/63/73
Unknown-ESC-element(?)/mES-Nanog-ChIP-Seq(GSE11724)/Homer	c_137	Zic
Zscan4c(Zf)/ESC-Zscan4c-ChIP-seq(GSE140619)/Homer	c_161	ZSCAN4C(Zf)