gene	tf	homer_motif	box	col
h1SMcG0003132	cux-2	Cux2(Homeobox)	AACCTGA	#00BDB4
h1SMcG0014295	six1/2-3	Cux2(Homeobox)	AACCTGA	#00BDB4
h1SMcG0008833	pou2/3-1	Brn1(POU,Homeobox)	ATGCAAAT	#009EB6
h1SMcG0008833	pou2/3-1	Oct11(POU,Homeobox)	ATGCAAAT	#009EB6
h1SMcG0008833	pou2/3-1	Oct2(POU,Homeobox)	ATGCAAAT	#009EB6
h1SMcG0008833	pou2/3-1	Oct4(POU,Homeobox)	ATGCAAAT	#009EB6
h1SMcG0008833	pou2/3-1	Oct6(POU,Homeobox)	ATGCAAAT	#009EB6
h1SMcG0019688	hnf4	HNF4a(NR),DR1	CAAAGT	#45818e
h1SMcG0019688	hnf4	PPARa(NR),DR1	CAAAGT	#45818e
h1SMcG0019688	hnf4	RXR(NR),DR1	CAAAGT	#45818e
h1SMcG0019688	hnf4	TR4(NR),DR1	CAAAGT	#45818e
h1SMcG0001060	atoh8-2	Atoh1(bHLH)	CASMTG	#FCD87C
h1SMcG0001060	atoh8-2	NeuroD1(HMG)	CASMTG	#FCD87C
h1SMcG0001060	atoh8-2	NeuroG2(bHLH)	CASMTG	#FCD87C
h1SMcG0009686	mitfl-1	MITF(bHLH)	CATGTG	#E76805
h1SMcG0006253	soxP-1	Sox10(HMG)	CATTGT	#584B9F
h1SMcG0006253	soxP-1	Sox15(HMG)	CATTGT	#584B9F
h1SMcG0005320	soxB1-2	Sox21(HMG)	CATTGT	#584B9F
h1SMcG0009867	soxP-3	Sox21(HMG)	CATTGT	#584B9F
h1SMcG0009867	soxP-3	Sox3(HMG)	CATTGT	#584B9F
h1SMcG0006253	soxP-1	Sox3(HMG)	CATTGT	#584B9F
h1SMcG0006253	soxP-1	Sox4(HMG)	CATTGT	#584B9F
h1SMcG0009867	soxP-3	Sox6(HMG)	CATTGT	#584B9F
h1SMcG0005320	soxB1-2	Sox7(HMG)	CATTGT	#584B9F
h1SMcG0008441	pax2/5/8-1	PAX5(Paired,Homeobox)	GCAGCCAAGC	#CA433E
h1SMcG0008441	pax2/5/8-1	PAX6(Paired,Homeobox)	GCAGCCAAGC	#CA433E
h1SMcG0008441	pax2/5/8-1	PAX8(Paired,Homeobox)	GCAGCCAAGC	#CA433E
h1SMcG0016730	nf-yc	NFY(CCAAT)	GCCAAT	#f1c232
h1SMcG0007041	hox4b	Hoxd10(Homeobox)	GGCMATGAAA	#ea9999
h1SMcG0007041	hox4b	Hoxd11(Homeobox)	GGCMATGAAA	#ea9999
h1SMcG0007041	hox4b	Hoxd13(Homeobox)	GGCMATGAAA	#ea9999
h1SMcG0000282	foxa1	FOXA1(Forkhead)	GTAAACA	#2E5ED1
h1SMcG0016896	foxF2	FOXA1(Forkhead)	GTAAACA	#2E5ED1
h1SMcG0016896	foxF2	Foxa2(Forkhead)	GTAAACA	#2E5ED1
h1SMcG0000282	foxa1	Foxa3(Forkhead)	GTAAACA	#2E5ED1
h1SMcG0016896	foxF2	Foxf1(Forkhead)	GTAAACA	#2E5ED1
h1SMcG0016896	foxF2	FOXK1(Forkhead)	GTAAACA	#2E5ED1
h1SMcG0016896	foxF2	FOXK2(Forkhead)	GTAAACA	#2E5ED1
h1SMcG0016896	foxF2	FoxL2(Forkhead)	GTAAACA	#2E5ED1
h1SMcG0000282	foxa1	FOXM1(Forkhead)	GTAAACA	#2E5ED1
h1SMcG0016896	foxF2	Foxo1(Forkhead)	GTAAACA	#2E5ED1
h1SMcG0016896	foxF2	Foxo3(Forkhead)	GTAAACA	#2E5ED1
h1SMcG0016896	foxF2	FOXP1(Forkhead)	GTAAACA	#2E5ED1
h1SMcG0000282	foxa1	NF1:FOXA1(CTF,Forkhead)	GTAAACA	#2E5ED1
h1SMcG0017306	egr-1	Egr1(Zf)	GTGGGC	#1A78B0
h1SMcG0020741	rfx3	Rfx1(HTH)	GTTGCCA	#c27ba0
h1SMcG0020741	rfx3	Rfx2(HTH)	GTTGCCA	#c27ba0
h1SMcG0020741	rfx3	Rfx5(HTH)	GTTGCCA	#c27ba0
h1SMcG0020741	rfx3	Rfx6(HTH)	GTTGCCA	#c27ba0
h1SMcG0017428	post-2a	Cdx2(Homeobox)	MATAAAA	#b38234
h1SMcG0015572	nkx1	Bapx1(Homeobox)	RAGTGS	#10b07d
h1SMcG0009317	nkx2-2	Nkx2.1(Homeobox)	RSCACTY	#E76805
h1SMcG0009317	nkx2-2	Nkx2.2(Homeobox)	RSCACTY	#E76805
h1SMcG0002500	dll-1	DLX1(Homeobox)	TAATTA	#69D6AF
h1SMcG0002500	dll-1	DLX2(Homeobox)	TAATTA	#69D6AF
h1SMcG0002500	dll-1	DLX5(Homeobox)	TAATTA	#69D6AF
h1SMcG0008388	gata456-1	Gata4(Zf)	TTATCT	#6aa84f
h1SMcG0000267	ets-1	Ets1-distal(ETS)	CAGGAAGT	#842B4E
h1SMcG0016534	ascl-2	Ascl1(bHLH)	CAGCTG	#947fb0
h1SMcG0016534	ascl-2	HEB(bHLH)	CAGCTG	#947fb0
h1SMcG0016534	ascl-2	Pitx1:Ebox(Homeobox,bHLH)	CAGCTG	#947fb0
h1SMcG0016534	ascl-2	SCL(bHLH)	CAGCTG	#947fb0
h1SMcG0016534	ascl-2	Twist(bHLH)	CAGCTG	#947fb0
h1SMcG0016003	coe	EBF(EBF)	TCCCCWGGGGA	#bf9000
h1SMcG0016003	coe	EBF1(EBF)	TCCCCWGGGGA	#bf9000
h1SMcG0016003	coe	EBF2(EBF)	TCCCCWGGGGA	#bf9000