Run	Assay Type	AvgSpotLen	Bases	BioProject	BioSample	Bytes	Center Name	Consent	DATASTORE filetype	DATASTORE provider	DATASTORE region	Experiment	GEO_Accession (exp)	Instrument	LibraryLayout	LibrarySelection	LibrarySource	Organism	Platform	ReleaseDate	replicate	RNAi	create_date	version	Sample Name	source_name	SRA Study	time_after_rnai_treatment	tissue
SRR2183571	RNA-Seq	51	1530582114	PRJNA293934	SAMN04012442	1031871152	GEO	public	fastq,run.zq,sra	gs,ncbi,s3	gs.us-east1,ncbi.public,s3.us-east-1	SRX1164620	GSM1861712	Illumina HiSeq 2500	SINGLE	cDNA	TRANSCRIPTOMIC	Schmidtea mediterranea	ILLUMINA	2015-10-22T00:00:00Z	1	CHD4	2015-08-26T10:18:00Z	1	GSM1861712	whole worm_3 days after CHD4 RNAi	SRP062861	3 days	Whole Worm Tissue
SRR2183572	RNA-Seq	51	1445957610	PRJNA293934	SAMN04012443	1030835250	GEO	public	fastq,run.zq,sra	gs,ncbi,s3	gs.us-east1,ncbi.public,s3.us-east-1	SRX1164621	GSM1861713	Illumina HiSeq 2500	SINGLE	cDNA	TRANSCRIPTOMIC	Schmidtea mediterranea	ILLUMINA	2015-10-22T00:00:00Z	2	CHD4	2015-08-26T10:18:00Z	1	GSM1861713	whole worm_3 days after CHD4 RNAi	SRP062861	3 days	Whole Worm Tissue
SRR2183573	RNA-Seq	51	1096007493	PRJNA293934	SAMN04012444	729437378	GEO	public	fastq,run.zq,sra	gs,ncbi,s3	gs.us-east1,ncbi.public,s3.us-east-1	SRX1164622	GSM1861714	Illumina HiSeq 2500	SINGLE	cDNA	TRANSCRIPTOMIC	Schmidtea mediterranea	ILLUMINA	2015-10-22T00:00:00Z	3	CHD4	2015-08-26T10:16:00Z	1	GSM1861714	whole worm_3 days after CHD4 RNAi	SRP062861	3 days	Whole Worm Tissue
SRR2183574	RNA-Seq	51	1088578731	PRJNA293934	SAMN04012445	735968666	GEO	public	fastq,run.zq,sra	gs,ncbi,s3	gs.us-east1,ncbi.public,s3.us-east-1	SRX1164623	GSM1861715	Illumina HiSeq 2500	SINGLE	cDNA	TRANSCRIPTOMIC	Schmidtea mediterranea	ILLUMINA	2015-10-22T00:00:00Z	1	CHD4	2015-08-26T10:20:00Z	1	GSM1861715	whole worm_6 days after CHD4 RNAi	SRP062861	6 days	Whole Worm Tissue
SRR2183575	RNA-Seq	51	1368377532	PRJNA293934	SAMN04012446	977651439	GEO	public	fastq,run.zq,sra	gs,ncbi,s3	gs.us-east1,ncbi.public,s3.us-east-1	SRX1164624	GSM1861716	Illumina HiSeq 2500	SINGLE	cDNA	TRANSCRIPTOMIC	Schmidtea mediterranea	ILLUMINA	2015-10-22T00:00:00Z	2	CHD4	2015-08-26T10:17:00Z	1	GSM1861716	whole worm_6 days after CHD4 RNAi	SRP062861	6 days	Whole Worm Tissue
SRR2183576	RNA-Seq	51	1203639933	PRJNA293934	SAMN04012447	803299761	GEO	public	fastq,run.zq,sra	gs,ncbi,s3	gs.us-east1,ncbi.public,s3.us-east-1	SRX1164625	GSM1861717	Illumina HiSeq 2500	SINGLE	cDNA	TRANSCRIPTOMIC	Schmidtea mediterranea	ILLUMINA	2015-10-22T00:00:00Z	3	CHD4	2015-08-26T10:17:00Z	1	GSM1861717	whole worm_6 days after CHD4 RNAi	SRP062861	6 days	Whole Worm Tissue
SRR2183577	RNA-Seq	51	1244704062	PRJNA293934	SAMN04012448	839378505	GEO	public	fastq,run.zq,sra	gs,ncbi,s3	gs.us-east1,ncbi.public,s3.us-east-1	SRX1164626	GSM1861718	Illumina HiSeq 2500	SINGLE	cDNA	TRANSCRIPTOMIC	Schmidtea mediterranea	ILLUMINA	2015-10-22T00:00:00Z	1	CHD4	2015-08-26T10:18:00Z	1	GSM1861718	whole worm_9 days after CHD4 RNAi	SRP062861	9 days	Whole Worm Tissue
SRR2183578	RNA-Seq	51	1525397148	PRJNA293934	SAMN04012449	1089443796	GEO	public	fastq,run.zq,sra	gs,ncbi,s3	gs.us-east1,ncbi.public,s3.us-east-1	SRX1164627	GSM1861719	Illumina HiSeq 2500	SINGLE	cDNA	TRANSCRIPTOMIC	Schmidtea mediterranea	ILLUMINA	2015-10-22T00:00:00Z	2	CHD4	2015-08-26T10:18:00Z	1	GSM1861719	whole worm_9 days after CHD4 RNAi	SRP062861	9 days	Whole Worm Tissue
SRR2183579	RNA-Seq	51	1323658284	PRJNA293934	SAMN04012450	883826216	GEO	public	fastq,run.zq,sra	gs,ncbi,s3	gs.us-east1,ncbi.public,s3.us-east-1	SRX1164628	GSM1861720	Illumina HiSeq 2500	SINGLE	cDNA	TRANSCRIPTOMIC	Schmidtea mediterranea	ILLUMINA	2015-10-22T00:00:00Z	3	CHD4	2015-08-26T10:20:00Z	1	GSM1861720	whole worm_9 days after CHD4 RNAi	SRP062861	9 days	Whole Worm Tissue
SRR2183580	RNA-Seq	51	927207081	PRJNA293934	SAMN04012453	631056532	GEO	public	fastq,run.zq,sra	gs,ncbi,s3	gs.us-east1,ncbi.public,s3.us-east-1	SRX1164629	GSM1861721	Illumina HiSeq 2500	SINGLE	cDNA	TRANSCRIPTOMIC	Schmidtea mediterranea	ILLUMINA	2015-10-22T00:00:00Z	1	CHD4	2015-08-26T10:16:00Z	1	GSM1861721	whole worm_12 days after CHD4 RNAi	SRP062861	12 days	Whole Worm Tissue
SRR2183581	RNA-Seq	51	1190368713	PRJNA293934	SAMN04012454	849269896	GEO	public	fastq,run.zq,sra	gs,ncbi,s3	gs.us-east1,ncbi.public,s3.us-east-1	SRX1164630	GSM1861722	Illumina HiSeq 2500	SINGLE	cDNA	TRANSCRIPTOMIC	Schmidtea mediterranea	ILLUMINA	2015-10-22T00:00:00Z	2	CHD4	2015-08-26T10:13:00Z	1	GSM1861722	whole worm_12 days after CHD4 RNAi	SRP062861	12 days	Whole Worm Tissue
SRR2183582	RNA-Seq	51	1234487946	PRJNA293934	SAMN04012455	821732342	GEO	public	fastq,run.zq,sra	gs,ncbi,s3	gs.us-east1,ncbi.public,s3.us-east-1	SRX1164631	GSM1861723	Illumina HiSeq 2500	SINGLE	cDNA	TRANSCRIPTOMIC	Schmidtea mediterranea	ILLUMINA	2015-10-22T00:00:00Z	3	CHD4	2015-08-26T10:14:00Z	1	GSM1861723	whole worm_12 days after CHD4 RNAi	SRP062861	12 days	Whole Worm Tissue
SRR2183583	RNA-Seq	51	1186740420	PRJNA293934	SAMN04012456	805911291	GEO	public	fastq,run.zq,sra	gs,ncbi,s3	gs.us-east1,ncbi.public,s3.us-east-1	SRX1164632	GSM1861724	Illumina HiSeq 2500	SINGLE	cDNA	TRANSCRIPTOMIC	Schmidtea mediterranea	ILLUMINA	2015-10-22T00:00:00Z	1	CHD4	2015-08-26T10:16:00Z	1	GSM1861724	whole worm_15 days after CHD4 RNAi	SRP062861	15 days	Whole Worm Tissue
SRR2183584	RNA-Seq	51	1300892649	PRJNA293934	SAMN04012457	932014563	GEO	public	fastq,run.zq,sra	gs,ncbi,s3	gs.us-east1,ncbi.public,s3.us-east-1	SRX1164633	GSM1861725	Illumina HiSeq 2500	SINGLE	cDNA	TRANSCRIPTOMIC	Schmidtea mediterranea	ILLUMINA	2015-10-22T00:00:00Z	2	CHD4	2015-08-26T10:13:00Z	1	GSM1861725	whole worm_15 days after CHD4 RNAi	SRP062861	15 days	Whole Worm Tissue
SRR2183585	RNA-Seq	51	1129382811	PRJNA293934	SAMN04012458	753492334	GEO	public	fastq,run.zq,sra	gs,ncbi,s3	gs.us-east1,ncbi.public,s3.us-east-1	SRX1164634	GSM1861726	Illumina HiSeq 2500	SINGLE	cDNA	TRANSCRIPTOMIC	Schmidtea mediterranea	ILLUMINA	2015-10-22T00:00:00Z	3	CHD4	2015-08-26T10:13:00Z	1	GSM1861726	whole worm_15 days after CHD4 RNAi	SRP062861	15 days	Whole Worm Tissue
SRR2183586	RNA-Seq	51	1091130006	PRJNA293934	SAMN04012459	735527846	GEO	public	fastq,run.zq,sra	gs,ncbi,s3	gs.us-east1,ncbi.public,s3.us-east-1	SRX1164635	GSM1861727	Illumina HiSeq 2500	SINGLE	cDNA	TRANSCRIPTOMIC	Schmidtea mediterranea	ILLUMINA	2015-10-22T00:00:00Z	1	p53	2015-08-26T10:13:00Z	1	GSM1861727	whole worm_3 days after p53 RNAi	SRP062861	3 days	Whole Worm Tissue
SRR2183587	RNA-Seq	51	1091455233	PRJNA293934	SAMN04012451	781315262	GEO	public	fastq,run.zq,sra	gs,ncbi,s3	gs.us-east1,ncbi.public,s3.us-east-1	SRX1164636	GSM1861728	Illumina HiSeq 2500	SINGLE	cDNA	TRANSCRIPTOMIC	Schmidtea mediterranea	ILLUMINA	2015-10-22T00:00:00Z	2	p53	2015-08-26T10:13:00Z	1	GSM1861728	whole worm_3 days after p53 RNAi	SRP062861	3 days	Whole Worm Tissue
SRR2183588	RNA-Seq	51	1285488303	PRJNA293934	SAMN04012452	855739906	GEO	public	fastq,run.zq,sra	gs,ncbi,s3	gs.us-east1,ncbi.public,s3.us-east-1	SRX1164637	GSM1861729	Illumina HiSeq 2500	SINGLE	cDNA	TRANSCRIPTOMIC	Schmidtea mediterranea	ILLUMINA	2015-10-22T00:00:00Z	3	p53	2015-08-26T10:13:00Z	1	GSM1861729	whole worm_3 days after p53 RNAi	SRP062861	3 days	Whole Worm Tissue
SRR2183589	RNA-Seq	51	1053044022	PRJNA293934	SAMN04012460	711236594	GEO	public	fastq,run.zq,sra	gs,ncbi,s3	gs.us-east1,ncbi.public,s3.us-east-1	SRX1164638	GSM1861730	Illumina HiSeq 2500	SINGLE	cDNA	TRANSCRIPTOMIC	Schmidtea mediterranea	ILLUMINA	2015-10-22T00:00:00Z	1	p53	2015-08-26T10:13:00Z	1	GSM1861730	whole worm_6 days after p53 RNAi	SRP062861	6 days	Whole Worm Tissue
SRR2183590	RNA-Seq	51	1094617437	PRJNA293934	SAMN04012461	781474229	GEO	public	fastq,run.zq,sra	gs,ncbi,s3	gs.us-east1,ncbi.public,s3.us-east-1	SRX1164639	GSM1861731	Illumina HiSeq 2500	SINGLE	cDNA	TRANSCRIPTOMIC	Schmidtea mediterranea	ILLUMINA	2015-10-22T00:00:00Z	2	p53	2015-08-26T10:13:00Z	1	GSM1861731	whole worm_6 days after p53 RNAi	SRP062861	6 days	Whole Worm Tissue
SRR2183591	RNA-Seq	51	1373893029	PRJNA293934	SAMN04012462	911519645	GEO	public	fastq,run.zq,sra	gs,ncbi,s3	gs.us-east1,ncbi.public,s3.us-east-1	SRX1164640	GSM1861732	Illumina HiSeq 2500	SINGLE	cDNA	TRANSCRIPTOMIC	Schmidtea mediterranea	ILLUMINA	2015-10-22T00:00:00Z	3	p53	2015-08-26T10:13:00Z	1	GSM1861732	whole worm_6 days after p53 RNAi	SRP062861	6 days	Whole Worm Tissue
SRR2183592	RNA-Seq	51	1199318907	PRJNA293934	SAMN04012463	815526719	GEO	public	fastq,run.zq,sra	gs,ncbi,s3	gs.us-east1,ncbi.public,s3.us-east-1	SRX1164641	GSM1861733	Illumina HiSeq 2500	SINGLE	cDNA	TRANSCRIPTOMIC	Schmidtea mediterranea	ILLUMINA	2015-10-22T00:00:00Z	1	p53	2015-08-26T10:13:00Z	1	GSM1861733	whole worm_9 days after p53 RNAi	SRP062861	9 days	Whole Worm Tissue
SRR2183593	RNA-Seq	51	1147261218	PRJNA293934	SAMN04012464	820312386	GEO	public	fastq,run.zq,sra	gs,ncbi,s3	gs.us-east1,ncbi.public,s3.us-east-1	SRX1164642	GSM1861734	Illumina HiSeq 2500	SINGLE	cDNA	TRANSCRIPTOMIC	Schmidtea mediterranea	ILLUMINA	2015-10-22T00:00:00Z	2	p53	2015-08-26T10:13:00Z	1	GSM1861734	whole worm_9 days after p53 RNAi	SRP062861	9 days	Whole Worm Tissue
SRR2183594	RNA-Seq	51	1311293181	PRJNA293934	SAMN04012465	869916951	GEO	public	fastq,run.zq,sra	gs,ncbi,s3	gs.us-east1,ncbi.public,s3.us-east-1	SRX1164643	GSM1861735	Illumina HiSeq 2500	SINGLE	cDNA	TRANSCRIPTOMIC	Schmidtea mediterranea	ILLUMINA	2015-10-22T00:00:00Z	3	p53	2015-08-26T10:10:00Z	1	GSM1861735	whole worm_9 days after p53 RNAi	SRP062861	9 days	Whole Worm Tissue
SRR2183595	RNA-Seq	51	1692775935	PRJNA293934	SAMN04012466	1140891604	GEO	public	fastq,run.zq,sra	gs,ncbi,s3	gs.us-east1,ncbi.public,s3.us-east-1	SRX1164644	GSM1861736	Illumina HiSeq 2500	SINGLE	cDNA	TRANSCRIPTOMIC	Schmidtea mediterranea	ILLUMINA	2015-10-22T00:00:00Z	1	p53	2015-08-26T10:11:00Z	1	GSM1861736	whole worm_12 days after p53 RNAi	SRP062861	12 days	Whole Worm Tissue
SRR2183596	RNA-Seq	51	989621952	PRJNA293934	SAMN04012467	708554005	GEO	public	fastq,run.zq,sra	gs,ncbi,s3	gs.us-east1,ncbi.public,s3.us-east-1	SRX1164645	GSM1861737	Illumina HiSeq 2500	SINGLE	cDNA	TRANSCRIPTOMIC	Schmidtea mediterranea	ILLUMINA	2015-10-22T00:00:00Z	2	p53	2015-08-26T10:03:00Z	1	GSM1861737	whole worm_12 days after p53 RNAi	SRP062861	12 days	Whole Worm Tissue
SRR2183597	RNA-Seq	51	1040539026	PRJNA293934	SAMN04012468	692618037	GEO	public	fastq,run.zq,sra	gs,ncbi,s3	gs.us-east1,ncbi.public,s3.us-east-1	SRX1164646	GSM1861738	Illumina HiSeq 2500	SINGLE	cDNA	TRANSCRIPTOMIC	Schmidtea mediterranea	ILLUMINA	2015-10-22T00:00:00Z	3	p53	2015-08-26T10:03:00Z	1	GSM1861738	whole worm_12 days after p53 RNAi	SRP062861	12 days	Whole Worm Tissue
SRR2183598	RNA-Seq	51	935381718	PRJNA293934	SAMN04012469	630602142	GEO	public	fastq,run.zq,sra	gs,ncbi,s3	gs.us-east1,ncbi.public,s3.us-east-1	SRX1164647	GSM1861739	Illumina HiSeq 2500	SINGLE	cDNA	TRANSCRIPTOMIC	Schmidtea mediterranea	ILLUMINA	2015-10-22T00:00:00Z	1	p53	2015-08-26T10:03:00Z	1	GSM1861739	whole worm_15 days after p53 RNAi	SRP062861	15 days	Whole Worm Tissue
SRR2183599	RNA-Seq	51	1389607659	PRJNA293934	SAMN04012470	991968341	GEO	public	fastq,run.zq,sra	gs,ncbi,s3	gs.us-east1,ncbi.public,s3.us-east-1	SRX1164648	GSM1861740	Illumina HiSeq 2500	SINGLE	cDNA	TRANSCRIPTOMIC	Schmidtea mediterranea	ILLUMINA	2015-10-22T00:00:00Z	2	p53	2015-08-26T10:03:00Z	1	GSM1861740	whole worm_15 days after p53 RNAi	SRP062861	15 days	Whole Worm Tissue
SRR2183600	RNA-Seq	51	1302739155	PRJNA293934	SAMN04012471	866543553	GEO	public	fastq,run.zq,sra	gs,ncbi,s3	gs.us-east1,ncbi.public,s3.us-east-1	SRX1164649	GSM1861741	Illumina HiSeq 2500	SINGLE	cDNA	TRANSCRIPTOMIC	Schmidtea mediterranea	ILLUMINA	2015-10-22T00:00:00Z	3	p53	2015-08-26T10:03:00Z	1	GSM1861741	whole worm_15 days after p53 RNAi	SRP062861	15 days	Whole Worm Tissue
SRR2183601	RNA-Seq	51	1098164487	PRJNA293934	SAMN04012472	789263628	GEO	public	fastq,run.zq,sra	gs,ncbi,s3	gs.us-east1,ncbi.public,s3.us-east-1	SRX1164650	GSM1861742	Illumina HiSeq 2500	SINGLE	cDNA	TRANSCRIPTOMIC	Schmidtea mediterranea	ILLUMINA	2015-10-22T00:00:00Z	2	p53	2015-08-26T10:02:00Z	1	GSM1861742	whole worm_18 days after p53 RNAi	SRP062861	18 days	Whole Worm Tissue
SRR2183602	RNA-Seq	51	1223024829	PRJNA293934	SAMN04012473	812506058	GEO	public	fastq,run.zq,sra	gs,ncbi,s3	gs.us-east1,ncbi.public,s3.us-east-1	SRX1164651	GSM1861743	Illumina HiSeq 2500	SINGLE	cDNA	TRANSCRIPTOMIC	Schmidtea mediterranea	ILLUMINA	2015-10-22T00:00:00Z	3	p53	2015-08-26T10:03:00Z	1	GSM1861743	whole worm_18 days after p53 RNAi	SRP062861	18 days	Whole Worm Tissue
SRR2183603	RNA-Seq	51	1362677874	PRJNA293934	SAMN04012474	920411616	GEO	public	fastq,run.zq,sra	gs,ncbi,s3	gs.us-east1,ncbi.public,s3.us-east-1	SRX1164652	GSM1861744	Illumina HiSeq 2500	SINGLE	cDNA	TRANSCRIPTOMIC	Schmidtea mediterranea	ILLUMINA	2015-10-22T00:00:00Z	1	unc22	2015-08-26T09:42:00Z	1	GSM1861744	whole worm_3 days after unc22 RNAi	SRP062861	3 days	Whole Worm Tissue
SRR2183604	RNA-Seq	51	1089289773	PRJNA293934	SAMN04012475	780374521	GEO	public	fastq,run.zq,sra	gs,ncbi,s3	gs.us-east1,ncbi.public,s3.us-east-1	SRX1164653	GSM1861745	Illumina HiSeq 2500	SINGLE	cDNA	TRANSCRIPTOMIC	Schmidtea mediterranea	ILLUMINA	2015-10-22T00:00:00Z	2	unc22	2015-08-26T10:03:00Z	1	GSM1861745	whole worm_3 days after unc22 RNAi	SRP062861	3 days	Whole Worm Tissue
SRR2183605	RNA-Seq	51	1215366261	PRJNA293934	SAMN04012476	813602788	GEO	public	fastq,run.zq,sra	gs,ncbi,s3	gs.us-east1,ncbi.public,s3.us-east-1	SRX1164654	GSM1861746	Illumina HiSeq 2500	SINGLE	cDNA	TRANSCRIPTOMIC	Schmidtea mediterranea	ILLUMINA	2015-10-22T00:00:00Z	3	unc22	2015-08-26T10:03:00Z	1	GSM1861746	whole worm_3 days after unc22 RNAi	SRP062861	3 days	Whole Worm Tissue
SRR2183606	RNA-Seq	51	1394256054	PRJNA293934	SAMN04012477	941285697	GEO	public	fastq,run.zq,sra	gs,ncbi,s3	gs.us-east1,ncbi.public,s3.us-east-1	SRX1164655	GSM1861747	Illumina HiSeq 2500	SINGLE	cDNA	TRANSCRIPTOMIC	Schmidtea mediterranea	ILLUMINA	2015-10-22T00:00:00Z	1	unc22	2015-08-26T10:02:00Z	1	GSM1861747	whole worm_6 days after unc22 RNAi	SRP062861	6 days	Whole Worm Tissue
SRR2183607	RNA-Seq	51	1332687426	PRJNA293934	SAMN04012478	954562293	GEO	public	fastq,run.zq,sra	gs,ncbi,s3	gs.us-east1,ncbi.public,s3.us-east-1	SRX1164656	GSM1861748	Illumina HiSeq 2500	SINGLE	cDNA	TRANSCRIPTOMIC	Schmidtea mediterranea	ILLUMINA	2015-10-22T00:00:00Z	2	unc22	2015-08-26T10:02:00Z	1	GSM1861748	whole worm_6 days after unc22 RNAi	SRP062861	6 days	Whole Worm Tissue
SRR2183608	RNA-Seq	51	1397109402	PRJNA293934	SAMN04012479	928191136	GEO	public	fastq,run.zq,sra	gs,ncbi,s3	gs.us-east1,ncbi.public,s3.us-east-1	SRX1164657	GSM1861749	Illumina HiSeq 2500	SINGLE	cDNA	TRANSCRIPTOMIC	Schmidtea mediterranea	ILLUMINA	2015-10-22T00:00:00Z	3	unc22	2015-08-26T10:00:00Z	1	GSM1861749	whole worm_6 days after unc22 RNAi	SRP062861	6 days	Whole Worm Tissue
SRR2183609	RNA-Seq	51	1263514851	PRJNA293934	SAMN04012480	850905910	GEO	public	fastq,run.zq,sra	gs,ncbi,s3	gs.us-east1,ncbi.public,s3.us-east-1	SRX1164658	GSM1861750	Illumina HiSeq 2500	SINGLE	cDNA	TRANSCRIPTOMIC	Schmidtea mediterranea	ILLUMINA	2015-10-22T00:00:00Z	1	unc22	2015-08-26T09:59:00Z	1	GSM1861750	whole worm_9 days after unc22 RNAi	SRP062861	9 days	Whole Worm Tissue
SRR2183610	RNA-Seq	51	1465049817	PRJNA293934	SAMN04012481	1046126895	GEO	public	fastq,run.zq,sra	gs,ncbi,s3	gs.us-east1,ncbi.public,s3.us-east-1	SRX1164659	GSM1861751	Illumina HiSeq 2500	SINGLE	cDNA	TRANSCRIPTOMIC	Schmidtea mediterranea	ILLUMINA	2015-10-22T00:00:00Z	2	unc22	2015-08-26T09:48:00Z	1	GSM1861751	whole worm_9 days after unc22 RNAi	SRP062861	9 days	Whole Worm Tissue
SRR2183611	RNA-Seq	51	1078740117	PRJNA293934	SAMN04012482	718693078	GEO	public	fastq,run.zq,sra	gs,ncbi,s3	gs.us-east1,ncbi.public,s3.us-east-1	SRX1164660	GSM1861752	Illumina HiSeq 2500	SINGLE	cDNA	TRANSCRIPTOMIC	Schmidtea mediterranea	ILLUMINA	2015-10-22T00:00:00Z	3	unc22	2015-08-26T09:44:00Z	1	GSM1861752	whole worm_9 days after unc22 RNAi	SRP062861	9 days	Whole Worm Tissue
SRR2183612	RNA-Seq	51	897955572	PRJNA293934	SAMN04012483	607284609	GEO	public	fastq,run.zq,sra	gs,ncbi,s3	gs.us-east1,ncbi.public,s3.us-east-1	SRX1164661	GSM1861753	Illumina HiSeq 2500	SINGLE	cDNA	TRANSCRIPTOMIC	Schmidtea mediterranea	ILLUMINA	2015-10-22T00:00:00Z	1	unc22	2015-08-26T09:40:00Z	1	GSM1861753	whole worm_12 days after unc22 RNAi	SRP062861	12 days	Whole Worm Tissue
SRR2183613	RNA-Seq	51	1322247522	PRJNA293934	SAMN04012484	945888277	GEO	public	fastq,run.zq,sra	gs,ncbi,s3	gs.us-east1,ncbi.public,s3.us-east-1	SRX1164662	GSM1861754	Illumina HiSeq 2500	SINGLE	cDNA	TRANSCRIPTOMIC	Schmidtea mediterranea	ILLUMINA	2015-10-22T00:00:00Z	2	unc22	2015-08-26T09:45:00Z	1	GSM1861754	whole worm_12 days after unc22 RNAi	SRP062861	12 days	Whole Worm Tissue
SRR2183614	RNA-Seq	51	1224075531	PRJNA293934	SAMN04012485	820975909	GEO	public	fastq,run.zq,sra	gs,ncbi,s3	gs.us-east1,ncbi.public,s3.us-east-1	SRX1164663	GSM1861755	Illumina HiSeq 2500	SINGLE	cDNA	TRANSCRIPTOMIC	Schmidtea mediterranea	ILLUMINA	2015-10-22T00:00:00Z	3	unc22	2015-08-26T09:44:00Z	1	GSM1861755	whole worm_12 days after unc22 RNAi	SRP062861	12 days	Whole Worm Tissue
SRR2183615	RNA-Seq	51	1453997097	PRJNA293934	SAMN04012486	981398613	GEO	public	fastq,run.zq,sra	gs,ncbi,s3	gs.us-east1,ncbi.public,s3.us-east-1	SRX1164664	GSM1861756	Illumina HiSeq 2500	SINGLE	cDNA	TRANSCRIPTOMIC	Schmidtea mediterranea	ILLUMINA	2015-10-22T00:00:00Z	1	unc22	2015-08-26T09:44:00Z	1	GSM1861756	whole worm_15 days after unc22 RNAi	SRP062861	15 days	Whole Worm Tissue
SRR2183616	RNA-Seq	51	975565128	PRJNA293934	SAMN04012487	697049431	GEO	public	fastq,run.zq,sra	gs,ncbi,s3	gs.us-east1,ncbi.public,s3.us-east-1	SRX1164665	GSM1861757	Illumina HiSeq 2500	SINGLE	cDNA	TRANSCRIPTOMIC	Schmidtea mediterranea	ILLUMINA	2015-10-22T00:00:00Z	2	unc22	2015-08-26T09:40:00Z	1	GSM1861757	whole worm_15 days after unc22 RNAi	SRP062861	15 days	Whole Worm Tissue
SRR2183617	RNA-Seq	51	1386440559	PRJNA293934	SAMN04012488	920415351	GEO	public	fastq,run.zq,sra	gs,ncbi,s3	gs.us-east1,ncbi.public,s3.us-east-1	SRX1164666	GSM1861758	Illumina HiSeq 2500	SINGLE	cDNA	TRANSCRIPTOMIC	Schmidtea mediterranea	ILLUMINA	2015-10-22T00:00:00Z	3	unc22	2015-08-26T09:45:00Z	1	GSM1861758	whole worm_15 days after unc22 RNAi	SRP062861	15 days	Whole Worm Tissue
SRR2183618	RNA-Seq	51	1256055234	PRJNA293934	SAMN04012489	847390245	GEO	public	fastq,run.zq,sra	gs,ncbi,s3	gs.us-east1,ncbi.public,s3.us-east-1	SRX1164667	GSM1861759	Illumina HiSeq 2500	SINGLE	cDNA	TRANSCRIPTOMIC	Schmidtea mediterranea	ILLUMINA	2015-10-22T00:00:00Z	1	unc22	2015-08-26T09:41:00Z	1	GSM1861759	whole worm_18 days after unc22 RNAi	SRP062861	18 days	Whole Worm Tissue
SRR2183619	RNA-Seq	51	1286715210	PRJNA293934	SAMN04012490	918348357	GEO	public	fastq,run.zq,sra	gs,ncbi,s3	gs.us-east1,ncbi.public,s3.us-east-1	SRX1164668	GSM1861760	Illumina HiSeq 2500	SINGLE	cDNA	TRANSCRIPTOMIC	Schmidtea mediterranea	ILLUMINA	2015-10-22T00:00:00Z	2	unc22	2015-08-26T09:44:00Z	1	GSM1861760	whole worm_18 days after unc22 RNAi	SRP062861	18 days	Whole Worm Tissue
